{
"ResaurantProfiles" :[
{
"id": "1","Restaurant": "1770 House","Address": "143 Main Street East Hampton, NY 11937","Phone": "(631) 324-1770","HoursOfOpereation": "Open daily at 5:30 PM","Price": "0","USACityLocation": "East Hampton","Cuisine": "Contemporary American","FoodRating": "1","ServiceRating": "4","AmbienceRating": "3","ValueRating": "2","OverallRating": "2.5","OverallPossibleRating": "5"},
{
"id": "2","Restaurant": "Arethusa al Tavolo","Address": "828 Bantam Road Bantam, CT 06750","Phone": "(860) 567-0043","HoursOfOpereation": "Wednesday & Thursday: 5:30PM - 9:00PM Friday & Saturday: 5:30PM - 10:00PM Sunday: 5:00PM - 8:30PM Saturday & Sunday Lunch: 11:30AM - 2:00PM","Price": "0","USACityLocation": "Bantam","Cuisine": "Contemporary American","FoodRating": "3","ServiceRating": "1","AmbienceRating": "4","ValueRating": "0","OverallRating": "2","OverallPossibleRating": "5"},
{
"id": "3","Restaurant": "Atera","Address": "77 Worth St. New York, NY 10013","Phone": "(212) 226-1444","HoursOfOpereation": "Lunch Sat 1:30 pmÐ3:00 pm Dinner TueÐSat 6:00 pmÐ11:30 pm","Price": "0","USACityLocation": "New York","Cuisine": "Contemporary American","FoodRating": "4","ServiceRating": "5","AmbienceRating": "4","ValueRating": "3","OverallRating": "4","OverallPossibleRating": "5"},
{
"id": "4","Restaurant": "Barclay Prime","Address": "237 South 18th Street Philadelphia, PA 19103","Phone": "(215) 732-7560","HoursOfOpereation": "Sunday - Thursday: 5:00pm - 10:00pm, Friday - Saturday: 5:00pm - 11:00pm","Price": "0","USACityLocation": "Philadelphia","Cuisine": "Steakhouse","FoodRating": "3","ServiceRating": "5","AmbienceRating": "4","ValueRating": "1","OverallRating": "3.25","OverallPossibleRating": "5"},
{
"id": "5","Restaurant": "Barrique Venice","Address": "796 Main St Venice, CA 90291","Phone": "(310) 399-9010","HoursOfOpereation": "Monday - Saturday: 5:30pm - 10:30pm, Sunday: 5:30pm - 9:30pm","Price": "0","USACityLocation": "Venice","Cuisine": "Italian","FoodRating": "2","ServiceRating": "4","AmbienceRating": "0","ValueRating": "2","OverallRating": "2","OverallPossibleRating": "5"},
{
"id": "6","Restaurant": "Bavette's","Address": "218 W. Kinzie St. Chicago, IL 60654","Phone": "(312) 624-8154","HoursOfOpereation": "Monday-Thursday 5:00 PM - 11:00 PM Friday and Saturday 5:00 PM - 12:00 AM Sunday 5:00 PM - 10:00 PM","Price": "0","USACityLocation": "Chicago","Cuisine": "Steakhouse","FoodRating": "1","ServiceRating": "5","AmbienceRating": "3","ValueRating": "2","OverallRating": "2.75","OverallPossibleRating": "5"},
{
"id": "7","Restaurant": "Benu","Address": "22 Hawthorne Street San Francisco, CA 94105","Phone": "(415) 685-4860","HoursOfOpereation": "Dinner: Tuesday - Thursday, 5:30 - 8:30 pm Friday - Saturday, 5:30 - 9:00 pm","Price": "0","USACityLocation": "San Francisco","Cuisine": "Contemporary American","FoodRating": "2","ServiceRating": "5","AmbienceRating": "5","ValueRating": "5","OverallRating": "4.25","OverallPossibleRating": "5"},
{
"id": "8","Restaurant": "Bida Manda Restaurant and Bar","Address": "222 S. Blount St. Raleigh, NC 27601","Phone": "(919) 829-9999","HoursOfOpereation": "Lunch: Monday to Friday 11:30am - 2:00pm Dinner: Monday to Thursday 5:00pm - 10:00pm, Friday and Saturday: 5:00pm - Midnight","Price": "0","USACityLocation": "Raleigh","Cuisine": "Asian","FoodRating": "3","ServiceRating": "2","AmbienceRating": "3","ValueRating": "1","OverallRating": "2.25","OverallPossibleRating": "5"},
{
"id": "9","Restaurant": "Bones","Address": "3130 Piedmont Road Atlanta, GA 30305","Phone": "(404) 237-2663","HoursOfOpereation": "Lunch: Monday - Friday: 11:30am - 2:30pm Dinner: Sunday - Saturday: 5:30pm - 10:00pm","Price": "0","USACityLocation": "Atlanta","Cuisine": "Steak","FoodRating": "2","ServiceRating": "5","AmbienceRating": "2","ValueRating": "1","OverallRating": "2.5","OverallPossibleRating": "5"},
{
"id": "10","Restaurant": "BONDST","Address": "6 Bond Street New York, NY 10012","Phone": "(212) 777-2500","HoursOfOpereation": "Dinner: Sunday, Monday & Tuesday: 6:00pm - 10:30pm, Wednesday & Thursday: 6:00pm - 11:00pm, Friday & Saturday: 6:00pm -11:00pm Lounge Hours: Sunday - Wednesday: 6:00pm - midnight, Thursday - Saturday: 6:00pm - 1:30am","Price": "0","USACityLocation": "New York","Cuisine": "Japanese","FoodRating": "3","ServiceRating": "2","AmbienceRating": "3","ValueRating": "5","OverallRating": "3.25","OverallPossibleRating": "5"},
{
"id": "11","Restaurant": "Buccan","Address": "350 South County Road Palm Beach, FL 33480","Phone": "(561) 833-3450","HoursOfOpereation": "M-Th: 4:00pm* - 10:00pm (bar open until 1:00am) Fri: 4:00pm* - 11:00pm (bar open until 1:00am) Sat: 5:00pm - 11:00pm (bar open until 1:00am) Sun: 5:00pm until 10:00pm (bar open until 12:00am) *happy hour until 6:00pm.","Price": "0","USACityLocation": "Palm Beach","Cuisine": "Contemporary American","FoodRating": "3","ServiceRating": "4","AmbienceRating": "0","ValueRating": "0","OverallRating": "1.75","OverallPossibleRating": "5"},
{
"id": "12","Restaurant": "CafŽ Monarch","Address": "6939 E 1st Avenue Scottsdale, AZ 85251","Phone": "(480) 970-7682","HoursOfOpereation": "TueÐThu, Sun 5:30 pmÐ10:30 pm Fri, Sat 5:00 pmÐ12:00 am","Price": "0","USACityLocation": "Scottsdale","Cuisine": "Contemporary American","FoodRating": "0","ServiceRating": "1","AmbienceRating": "3","ValueRating": "0","OverallRating": "1","OverallPossibleRating": "5"},
{
"id": "13","Restaurant": "Cafe Provence","Address": "3936 W 69th Terr. Prairie Village, KS 66208","Phone": "(913) 384-5998","HoursOfOpereation": "Lunch: Monday - Saturday: 11:00am - 2:30pm; Dinner: Monday - Thursday: 5:00pm - 9:00pm Friday-Saturday:5:00pm-10:00pm","Price": "0","USACityLocation": "Prairie Village","Cuisine": "French American","FoodRating": "5","ServiceRating": "2","AmbienceRating": "4","ValueRating": "0","OverallRating": "2.75","OverallPossibleRating": "5"},
{
"id": "14","Restaurant": "Charleston","Address": "1000 Lancaster Street Baltimore, MD 21202","Phone": "(410) 332-7373","HoursOfOpereation": "Dinner: Monday Ð Saturday: 5:30pm Ð 10:00pm","Price": "0","USACityLocation": "Baltimore","Cuisine": "American","FoodRating": "3","ServiceRating": "3","AmbienceRating": "2","ValueRating": "5","OverallRating": "3.25","OverallPossibleRating": "5"},
{
"id": "15","Restaurant": "Charleston Grill","Address": "224 King Street Charleston, SC 29401","Phone": "(843) 577-4522","HoursOfOpereation": "Dinner: Sunday - Saturday: 5:30pm - 10:00pm Bar: 5:00pm Daily Live Jazz: Sunday - Thursday 7:00pm -11:00pm, Friday & Saturday 8:00pm - 12:00am","Price": "0","USACityLocation": "Charleston","Cuisine": "American","FoodRating": "2","ServiceRating": "2","AmbienceRating": "3","ValueRating": "3","OverallRating": "2.5","OverallPossibleRating": "5"},
{
"id": "16","Restaurant": "Chez Billy Sud","Address": "1039 31st St NW Washington, DC 20007","Phone": "(202) 965-2606","HoursOfOpereation": "Open for Lunch Tuesday through Friday 11:30 am - 2 pm Dinner Sunday, Monday, Tuesday, Wednesday and Thursday 5 until 10 pm Friday and Saturday 5 pm until 11 pm BRUNCH - Saturday & Sunday 11 am - 2 pm Wine Bar opens at 5pm daily","Price": "0","USACityLocation": "Washington","Cuisine": "French","FoodRating": "1","ServiceRating": "3","AmbienceRating": "0","ValueRating": "1","OverallRating": "1.25","OverallPossibleRating": "5"},
{
"id": "17","Restaurant": "chi SPACCA","Address": "6610 Melrose Ave. Los Angeles, CA 90038","Phone": "(323) 297-1133","HoursOfOpereation": "Dinner: Friday, 6:00pm - 11:00pm Saturday, 5:00pm - 11:00pm Sunday - Thursday, 6:00pm - 10:00pm","Price": "0","USACityLocation": "Los Angeles","Cuisine": "Contemporary Italian","FoodRating": "3","ServiceRating": "2","AmbienceRating": "1","ValueRating": "1","OverallRating": "1.75","OverallPossibleRating": "5"},
{
"id": "18","Restaurant": "Coppa","Address": "253 Shawmut Avenue Boston, MA 02118","Phone": "(617) 391-0902","HoursOfOpereation": "Brunch: Saturday & Sunday: 11:00am - 3:00pm; Lunch: Monday - Friday: 12:00pm - 5:00pm; Dinner: Sunday - Thursday: 5:00pm - 10:00pm, Friday & Saturday: 5:00pm - 11:00pm","Price": "0","USACityLocation": "Boston","Cuisine": "Italian","FoodRating": "1","ServiceRating": "2","AmbienceRating": "3","ValueRating": "1","OverallRating": "1.75","OverallPossibleRating": "5"},
{
"id": "19","Restaurant": "CRUST","Address": "668 NW 5th St. Miami, FL 33128","Phone": "(305) 371-7065","HoursOfOpereation": "Dinner TueÐSun 5:00 pmÐ10:00 pm Fri, Sat 5:00 pmÐ10:30 pm","Price": "0","USACityLocation": "Miami","Cuisine": "Italian","FoodRating": "5","ServiceRating": "5","AmbienceRating": "1","ValueRating": "2","OverallRating": "3.25","OverallPossibleRating": "5"},
{
"id": "20","Restaurant": "Daniel","Address": "60 East 65th St. New York, NY 10065","Phone": "(212) 288-0033","HoursOfOpereation": "Please note: we will be closed for renovations from August 23rd to September 4th. We look forward to welcoming you back on Wednesday, September 5th Dinner: Monday - Thursday, 5:30pm -10:30pm Friday - Saturday, 5:00pm - 10:30pm _Reservations are accepted up to 60 days in advance.","Price": "0","USACityLocation": "New York","Cuisine": "French","FoodRating": "3","ServiceRating": "4","AmbienceRating": "3","ValueRating": "5","OverallRating": "3.75","OverallPossibleRating": "5"},
{
"id": "21","Restaurant": "Del Posto","Address": "85 10th Avenue New York, NY 10011","Phone": "(212) 497-8090","HoursOfOpereation": "Lunch: Monday - Friday 12:00pm-2:00pm Dinner: Monday 5:30pm-10:00pm Tuesday - Friday 5:30pm-11:00pm Saturday 4:30pm-11:00pm Sunday 4:30pm-10:00pm","Price": "0","USACityLocation": "New York","Cuisine": "Italian","FoodRating": "0","ServiceRating": "4","AmbienceRating": "5","ValueRating": "0","OverallRating": "2.25","OverallPossibleRating": "5"},
{
"id": "22","Restaurant": "Double Knot","Address": "120 South 13th St. Philadelphia, PA 19107","Phone": "(215) 631-3868","HoursOfOpereation": "Monday- Tuesday 5PM-10PM Wednesday- Thursday 5PM-11PM Friday-Saturday 5PM-12PM Sunday 5PM-9PM","Price": "0","USACityLocation": "Philadelphia","Cuisine": "Sushi","FoodRating": "5","ServiceRating": "1","AmbienceRating": "1","ValueRating": "5","OverallRating": "3","OverallPossibleRating": "5"},
{
"id": "23","Restaurant": "Fishing With Dynamite","Address": "1148 Manhattan Avenue Manhattan Beach, CA 90266","Phone": "(310) 893-6299","HoursOfOpereation": "Brunch Saturday & Sunday: 10am - 2:00pm Lunch Saturday & Sunday: 10am - 5:00pm; Monday-Friday: 11:30am - 5:00pm Dinner Sunday - Wednesday: 5:00pm - 10:00pm; Thursday - Saturday: 5:00pm - 10:30pm; Bar Later","Price": "0","USACityLocation": "Manhattan Beach","Cuisine": "Seafood","FoodRating": "1","ServiceRating": "2","AmbienceRating": "1","ValueRating": "3","OverallRating": "1.75","OverallPossibleRating": "5"},
{
"id": "24","Restaurant": "Frances","Address": "3870 17th Street San Francisco, CA 94114","Phone": "(415) 621-3870","HoursOfOpereation": "Dinner: Sunday, Tuesday-Thursday, 5:00pm - 10:00pm Friday & Saturday, 5:00pm-10:30pm Closed Mondays.","Price": "0","USACityLocation": "San Francisco","Cuisine": "Californian","FoodRating": "3","ServiceRating": "1","AmbienceRating": "0","ValueRating": "3","OverallRating": "1.75","OverallPossibleRating": "5"},
{
"id": "25","Restaurant": "Gabriel Kreuther","Address": "41 W. 42nd St. New York, NY 10036","Phone": "(212) 257-5826","HoursOfOpereation": "Lunch: Monday-Friday 12PM to 2:30PM Dinner: Monday-Thursday 5:30PM to 10:00PM Friday & Saturday 5:30PM-10:30PM","Price": "0","USACityLocation": "New York","Cuisine": "French American","FoodRating": "2","ServiceRating": "3","AmbienceRating": "0","ValueRating": "3","OverallRating": "2","OverallPossibleRating": "5"},
{
"id": "26","Restaurant": "Geronimo","Address": "724 Canyon Road Santa Fe, NM 87501","Phone": "(505) 982-1500","HoursOfOpereation": "Dinner Every Night: 5:30pm - 9:30pm","Price": "0","USACityLocation": "Santa Fe","Cuisine": "Fusion / Eclectic","FoodRating": "2","ServiceRating": "0","AmbienceRating": "2","ValueRating": "4","OverallRating": "2","OverallPossibleRating": "5"},
{
"id": "27","Restaurant": "Girl & the Goat","Address": "809 W Randolph Chicago, IL 60607","Phone": "(312) 492-6262","HoursOfOpereation": "Dinner: Monday - Friday, 4:30pm - 11:00pm Saturday & Sunday, 4:30pm - 12:00am","Price": "0","USACityLocation": "Chicago","Cuisine": "Contemporary American","FoodRating": "2","ServiceRating": "4","AmbienceRating": "3","ValueRating": "1","OverallRating": "2.5","OverallPossibleRating": "5"},
{
"id": "28","Restaurant": "Giulia Restaurant","Address": "1682 Massachusetts Ave Cambridge, MA 02138","Phone": "(617) 441-2800","HoursOfOpereation": "Dinner: Monday - Thursday: 5:30pm - 9:30pm, Friday & Saturday: 5:30pm - 10:30pm","Price": "0","USACityLocation": "Cambridge","Cuisine": "Italian","FoodRating": "0","ServiceRating": "5","AmbienceRating": "1","ValueRating": "3","OverallRating": "2.25","OverallPossibleRating": "5"},
{
"id": "29","Restaurant": "Gramercy Tavern","Address": "42 E. 20th St New York, NY 10003","Phone": "(212) 477-0777","HoursOfOpereation": "NEW YEAR'S EVE - PLEASE CALL THE RESTAURANT OR VISIT OUR WEBSITE DIRECTLY TO BOOK FOR THIS EVENT. Gramercy Tavern accepts reservations for the Main Dining Room beginning at 10:00 a.m., 7 days a week, 28 days in advance. We do not take reservations for our Tavern area. Main Dining Room: Lunch daily: 11:30am - 2:00pm serving an a la carte menu Dinner: Sunday - Thursday: 5:00pm - 9:45pm, pre-fixe menu Friday - Saturday: 5:00pm - 10:30pm pre-fixe menu Tavern Room: Serving an a la carte menu continuously Sunday - Thursday 11:30am - 11:00pm Friday - Saturday: 11:30am - midnight","Price": "0","USACityLocation": "New York","Cuisine": "American","FoodRating": "3","ServiceRating": "0","AmbienceRating": "3","ValueRating": "2","OverallRating": "2","OverallPossibleRating": "5"},
{
"id": "30","Restaurant": "The Grill - The Ritz-Carlton, Naples","Address": "280 Vanderbilt Beach Road Naples, FL 34108","Phone": "(239) 598-6644","HoursOfOpereation": "Serving dinner Sunday - Thursday 6 pm - 10 pm Friday and Saturday 5:30 pm - 10 pm","Price": "0","USACityLocation": "Naples","Cuisine": "Steakhouse","FoodRating": "5","ServiceRating": "1","AmbienceRating": "2","ValueRating": "0","OverallRating": "2","OverallPossibleRating": "5"},
{
"id": "31","Restaurant": "Halls Chophouse","Address": "434 King St. Charleston, SC 29403","Phone": "(843) 727-0090","HoursOfOpereation": "Dinner: Sunday - Thursday: 5:00pm - 11:00pm, Friday & Saturday: 5:00pm - Midnight, Sunday Brunch: 10:00am-2:00pm. Bar is open Monday - Saturday starting at 4pm to close and 10:00am to close on Sundays!","Price": "0","USACityLocation": "Charleston","Cuisine": "Steakhouse","FoodRating": "2","ServiceRating": "1","AmbienceRating": "0","ValueRating": "2","OverallRating": "1.25","OverallPossibleRating": "5"},
{
"id": "32","Restaurant": "Harold Black","Address": "212 7th St SE Washington, DC 20003","Phone": "(202) 627-0994","HoursOfOpereation": "TueÐThu 5:30 pmÐ1:00 am Fri, Sat 5:30 pmÐ2:00 am","Price": "0","USACityLocation": "Washington","Cuisine": "American","FoodRating": "5","ServiceRating": "4","AmbienceRating": "0","ValueRating": "3","OverallRating": "3","OverallPossibleRating": "5"},
{
"id": "33","Restaurant": "Heirloom Cafe","Address": "2500 Folsom St San Francisco, CA 94110","Phone": "(415) 821-2500","HoursOfOpereation": "Dinner: Tuesday-Thursday, 5:45pm - 9:30pm Friday & Saturday, 5:45pm - 10:00pm Closed Sunday & Monday","Price": "0","USACityLocation": "San Francisco","Cuisine": "Californian","FoodRating": "1","ServiceRating": "3","AmbienceRating": "0","ValueRating": "2","OverallRating": "1.5","OverallPossibleRating": "5"},
{
"id": "34","Restaurant": "Hersh's","Address": "1843 Light Street Baltimore, MD 21230","Phone": "(443) 438-4948","HoursOfOpereation": "Dinner: Monday, Wednesday & Thursday: 5:00 pm - 10:00 pm Friday & Saturday: 5:00 pm - 11:00 pm Sunday: Dinner 5:00 pm - 9:00 pm Closed: Thanksgiving, Christmas Eve, Christmas Day and New Year's Day.","Price": "0","USACityLocation": "Baltimore","Cuisine": "Italian","FoodRating": "2","ServiceRating": "3","AmbienceRating": "0","ValueRating": "2","OverallRating": "1.75","OverallPossibleRating": "5"},
{
"id": "35","Restaurant": "Highlands Bar & Grill","Address": "2011 11th Avenue South Birmingham, AL 35205","Phone": "(205) 939-1400","HoursOfOpereation": "Tuesday through Saturday, dinner 5:30-10:00 Bar opens at 4:00 Tuesday through Friday, and 5:00 Saturday.","Price": "0","USACityLocation": "Birmingham","Cuisine": "Contemporary Southern","FoodRating": "0","ServiceRating": "0","AmbienceRating": "0","ValueRating": "0","OverallRating": "0","OverallPossibleRating": "5"},
{
"id": "36","Restaurant": "The Inn at Little Washington","Address": "309 Middle St. Washington, VA 22747","Phone": "(540) 675-3800","HoursOfOpereation": "Dinner: Monday, Wednesday, Thursday: 6:00pm - 8:00pm, Friday - Sunday: 5:00pm - 9:00pm","Price": "0","USACityLocation": "Washington","Cuisine": "American","FoodRating": "2","ServiceRating": "5","AmbienceRating": "5","ValueRating": "1","OverallRating": "3.25","OverallPossibleRating": "5"},
{
"id": "37","Restaurant": "Joe's Seafood, Prime Steak & Stone Crab","Address": "60 East Grand Avenue Chicago, IL 60611","Phone": "(312) 379-5637","HoursOfOpereation": "Lunch Menus: Saturday 11:00am - 4:00pm Sunday 11:00am - 4:00pm Lunch Menu: Monday - Friday: 11:30am - 4:00pm Dinner Menu: Monday - Thursday: 4:00pm - 11:00pm Friday - Saturday: 4:00pm - 12:00am Sunday: 4:00pm - 10:30pm","Price": "0","USACityLocation": "Multiple Locations","Cuisine": "Seafood","FoodRating": "3","ServiceRating": "5","AmbienceRating": "3","ValueRating": "3","OverallRating": "3.5","OverallPossibleRating": "5"},
{
"id": "38","Restaurant": "JUNGSIK","Address": "2 Harrison St. New York, NY 10013","Phone": "(212) 219-0900","HoursOfOpereation": "MonÐThu 5:30 pmÐ10:30 pm Fri, Sat 5:00 pmÐ10:30 pm Sun 5:00 pmÐ10:00 pm","Price": "0","USACityLocation": "New York","Cuisine": "Korean","FoodRating": "4","ServiceRating": "0","AmbienceRating": "1","ValueRating": "5","OverallRating": "2.5","OverallPossibleRating": "5"},
{
"id": "39","Restaurant": "Kinship","Address": "1015 Seventh Street NW Washington, DC 20001","Phone": "(202) 737-7700","HoursOfOpereation": "Dinner: Sunday - Wednesday: 5:30pm - 9:30pm, Thursday - Saturday: 5:30pm - 10:00pm","Price": "0","USACityLocation": "Washington","Cuisine": "American","FoodRating": "1","ServiceRating": "5","AmbienceRating": "1","ValueRating": "5","OverallRating": "3","OverallPossibleRating": "5"},
{
"id": "40","Restaurant": "Koi","Address": "730 N La Cienega Blvd West Hollywood, CA 90069","Phone": "(310) 659-9449","HoursOfOpereation": "Dinner: Sunday: 6:00pm - 10:00pm Monday - Thursday: 6:00pm - 11:00pm Friday - Saturday: 6:00pm - 11:30pm","Price": "0","USACityLocation": "West Hollywood","Cuisine": "Japanese","FoodRating": "3","ServiceRating": "0","AmbienceRating": "0","ValueRating": "5","OverallRating": "2","OverallPossibleRating": "5"},
{
"id": "41","Restaurant": "Kokkari Estiatorio","Address": "200 Jackson St. San Francisco, CA 94111","Phone": "(415) 981-0983","HoursOfOpereation": "Lunch: Monday - Friday, 11:30am -2:30pm Dinner: Monday - Thursday, 5:30pm - 10:00pm Friday, 5:30pm -11:00pm Saturday, 5:00pm - 11:00pm Sunday, 5:00pm - 10:00pm Bar Menu: Monday - Friday, 2:30pm - 5:30pm","Price": "0","USACityLocation": "San Francisco","Cuisine": "Mediterranean","FoodRating": "2","ServiceRating": "5","AmbienceRating": "0","ValueRating": "0","OverallRating": "1.75","OverallPossibleRating": "5"},
{
"id": "42","Restaurant": "L'Auberge Chez Francois","Address": "332 Springvale Road Great Falls, VA 22066","Phone": "(703) 759-3800","HoursOfOpereation": "Lunch: Tuesday Ð Saturday: 11:30am Ð 1:30pm' Sunday: 12:00pm Ð 3:00pm Dinner: Tuesday Ð Friday: 5:00pm Ð 9:00pm Saturday: 4:30pm Ð 9:30pm Sunday: 12:00pm Ð 7:30pm","Price": "0","USACityLocation": "Great Falls","Cuisine": "French","FoodRating": "5","ServiceRating": "5","AmbienceRating": "1","ValueRating": "3","OverallRating": "3.5","OverallPossibleRating": "5"},
{
"id": "43","Restaurant": "La Grotta","Address": "2637 Peachtree Rd. NE Atlanta, GA 30305","Phone": "(404) 231-1368","HoursOfOpereation": "Dinner: Monday - Thursday: 5:45 PM - 9:30 PM, Friday - Saturday: 5:45 PM - 10:30 PM","Price": "0","USACityLocation": "Atlanta","Cuisine": "Italian","FoodRating": "1","ServiceRating": "2","AmbienceRating": "5","ValueRating": "3","OverallRating": "2.75","OverallPossibleRating": "5"},
{
"id": "44","Restaurant": "Lahaina Grill","Address": "127 Lahainaluna Rd. Lahaina, HI 96761","Phone": "(808) 667-5117","HoursOfOpereation": "Serving Dinner Nightly from 5:00 p.m.","Price": "0","USACityLocation": "Lahaina","Cuisine": "American","FoodRating": "1","ServiceRating": "3","AmbienceRating": "1","ValueRating": "0","OverallRating": "1.25","OverallPossibleRating": "5"},
{
"id": "45","Restaurant": "LArtusi","Address": "228 West 10th Street New York, NY 10014","Phone": "(212) 255-5757","HoursOfOpereation": "Brunch: Sundays: 11:00am - 3:00pm Dinner: Sunday - Thursday: 5:30pm - 11:00pm, Friday - Saturday: 5:30pm - 12:00am Private Party Facilities: L'Artusi can accommodate both small and large groups for private dining. For parties of nine or more, please contact our event coordinator for more information.","Price": "0","USACityLocation": "New York","Cuisine": "Italian","FoodRating": "1","ServiceRating": "5","AmbienceRating": "2","ValueRating": "5","OverallRating": "3.25","OverallPossibleRating": "5"},
{
"id": "46","Restaurant": "Le Bilboquet - Dallas","Address": "4514 Travis Street Suite 124 Dallas, TX 75205","Phone": "(469) 730-2937","HoursOfOpereation": "Monday - Thursday - 11:00am - 10:00pm Friday - 11:00am - 11:00pm Saturday - 10:30am - 4:00pm and 5:00pm - 11:00pm Sunday - 10:30am - 4:00pm and 5:00pm - 10:00pm","Price": "0","USACityLocation": "Dallas","Cuisine": "French","FoodRating": "2","ServiceRating": "4","AmbienceRating": "1","ValueRating": "3","OverallRating": "2.5","OverallPossibleRating": "5"},
{
"id": "47","Restaurant": "Le Coucou","Address": "138 Lafayette st. New York, NY 10013","Phone": "(212) 271-4252","HoursOfOpereation": "Breakfast: Monday - Friday 7:00AM - 10:30AM Breakfast: Saturday & Sunday 7:00AM - 10:00AM Lunch: Monday - Friday 11:30AM - 2:00PM Lunch: Saturday & Sunday 11:00AM - 2:00PM Dinner: Sunday 5:00PM - 10:00PM Dinner: Monday - Saturday 5:00PM - 11:00PM","Price": "0","USACityLocation": "New York","Cuisine": "French","FoodRating": "5","ServiceRating": "3","AmbienceRating": "2","ValueRating": "4","OverallRating": "3.5","OverallPossibleRating": "5"},
{
"id": "48","Restaurant": "Le Diplomate","Address": "1601 14th St. NW Washington, DC 20009","Phone": "(202) 332-3333","HoursOfOpereation": "Sunday to Thursday 5:00PM to 11:00PM Friday & Saturday 5:00PM to 12:00AM Saturday & Sunday Brunch 10:00AM to 3:00PM","Price": "0","USACityLocation": "Washington","Cuisine": "French","FoodRating": "0","ServiceRating": "0","AmbienceRating": "0","ValueRating": "0","OverallRating": "0","OverallPossibleRating": "5"},
{
"id": "49","Restaurant": "Le Vallauris","Address": "385 West Tahquitz Canyon Way Palm Springs, CA 92262","Phone": "(760) 325-5059","HoursOfOpereation": "Lunch Fri, Sat 11:30 amÐ2:00 pm Brunch Sun 11:30 amÐ2:00 pm Dinner Daily 5:00 pmÐ10:00 pm","Price": "0","USACityLocation": "Palm Springs","Cuisine": "French","FoodRating": "5","ServiceRating": "5","AmbienceRating": "5","ValueRating": "5","OverallRating": "5","OverallPossibleRating": "5"},
{
"id": "50","Restaurant": "Linwoods","Address": "25 Crossroads Drive Owings Mills, MD 21117","Phone": "(410) 356-3030","HoursOfOpereation": "Lunch: Monday - Friday: 11:30am - 3:00pm; Dinner: Monday - Thursday: 5:30pm - 10:00pm, Friday & Saturday: 5:30pm - 11:00pm, Sunday: 5:00pm - 9:00pm","Price": "0","USACityLocation": "Owings Mills","Cuisine": "Contemporary American","FoodRating": "5","ServiceRating": "2","AmbienceRating": "2","ValueRating": "5","OverallRating": "3.5","OverallPossibleRating": "5"},
{
"id": "51","Restaurant": "Mama's Fish House","Address": "799 Poho Place Paia, HI 96779","Phone": "(808) 579-8488","HoursOfOpereation": "Reservations from 11:00 a.m. to 9:00 p.m. For reservations larger than 4, please contact the restaurant directly. *In an effort to preserve the ambiance for our more intimate diners, we do not accept bookings for split parties. If you do book split large groups online, please keep in mind that they will be treated as separate reservations. Mahalo! Priority seating is given to those with reservations. Specific tables, such as windows, may not be reserved in advance. Same Menu is served all day in the dining room and Bar/lounge Bar/lounge seating for walk-ins, based on availability from 11:00 am to close. **If you wish to use a taxi service for transportation to and from the restaurant, please plan ahead for your departure from the restaurant as it may take 30 to 45 minutes for a taxi to arrive. Inform your server and they will be happy to assist you. **Services such as Uber & Lyft are limited in our area, especially in the evening.","Price": "0","USACityLocation": "Paia","Cuisine": "Hawaiian","FoodRating": "1","ServiceRating": "0","AmbienceRating": "5","ValueRating": "2","OverallRating": "2","OverallPossibleRating": "5"},
{
"id": "52","Restaurant": "Marc Forgione","Address": "134 Reade Street New York, NY 10013","Phone": "(212) 941-9401","HoursOfOpereation": "Monday -Thurs 5:00PM-10PM Friday- Saturday 5:00pm - 10:45pm Sunday 5:00pm-10:00pm","Price": "0","USACityLocation": "New York","Cuisine": "Contemporary American","FoodRating": "0","ServiceRating": "5","AmbienceRating": "5","ValueRating": "1","OverallRating": "2.75","OverallPossibleRating": "5"},
{
"id": "53","Restaurant": "Marcel's by Robert Wiedmaier","Address": "2401 Pennsylvania Ave. Washington, DC 20037","Phone": "(202) 296-1166","HoursOfOpereation": "Dinner: Sunday 5:00pm - 9:30pm; Mon-Thurs 5:00pm - 10:00pm; Fri-Sat 5:00pm - 11:00pm Sunday Brunch: 11:30pm -2:30pm Bar Open Later on Weekends","Price": "0","USACityLocation": "Washington","Cuisine": "French","FoodRating": "1","ServiceRating": "0","AmbienceRating": "0","ValueRating": "1","OverallRating": "0.5","OverallPossibleRating": "5"},
{
"id": "54","Restaurant": "Marea","Address": "240 Central Park South New York, NY 10019","Phone": "(212) 582-5100","HoursOfOpereation": "Lunch: Monday - Friday: 11:45am - 2:30pm ; Dinner: Monday - Thursday: 5:30pm - 11:00pm, Friday - Saturday: 5:00pm - 11:30pm, Sunday: 5:00pm - 10:30pm Brunch - Saturday and Sunday 11:30 - 2:30 (daily limited bar menu from 2:30 until dinner)","Price": "0","USACityLocation": "New York","Cuisine": "Italian","FoodRating": "2","ServiceRating": "5","AmbienceRating": "5","ValueRating": "4","OverallRating": "4","OverallPossibleRating": "5"},
{
"id": "55","Restaurant": "Market Restaurant and Bar","Address": "3702 Via de la Valle Del Mar, CA 92014","Phone": "(858) 523-0007","HoursOfOpereation": "Our bar opens daily for Cocktails at 5:00 pm. Dinner is served nightly. Sushi Served nightly in the Bar and Lounge. Sunday - Thursday, 5:30pm - 9:30pm. Friday - Saturday, 5:30pm - 10:00pm.","Price": "0","USACityLocation": "Del Mar","Cuisine": "Contemporary American","FoodRating": "5","ServiceRating": "1","AmbienceRating": "0","ValueRating": "4","OverallRating": "2.5","OverallPossibleRating": "5"},
{
"id": "56","Restaurant": "Mistral - Sherman Oaks","Address": "13422 Ventura Blvd. Sherman Oaks, CA 91423","Phone": "(818) 981-6650","HoursOfOpereation": "Lunch: Monday-Friday: 11:30AM - 2:30PM; Dinner: Monday - Thursday: 5:30PM - 10:00PM Friday & Saturday: 5:30PM- 10:30PM Sunday: 5:00PM - 8:30PM","Price": "0","USACityLocation": "Sherman Oaks","Cuisine": "French","FoodRating": "1","ServiceRating": "0","AmbienceRating": "4","ValueRating": "2","OverallRating": "1.75","OverallPossibleRating": "5"},
{
"id": "57","Restaurant": "The Modern - Bar Room and Dining Room","Address": "9 West 53rd Street New York, NY 10019","Phone": "(212) 333-1220","HoursOfOpereation": "Monday - Wednesday: 11:30 a.m. - 10:00 p.m. Thursday - Saturday: 11:30 a.m. - 10:30 p.m. Sunday: 11:30 a.m. - 9:00 p.m.","Price": "0","USACityLocation": "New York","Cuisine": "Contemporary American","FoodRating": "5","ServiceRating": "0","AmbienceRating": "4","ValueRating": "1","OverallRating": "2.5","OverallPossibleRating": "5"},
{
"id": "58","Restaurant": "Momofuku Ko","Address": "8 Extra Place New York, NY 10003","Phone": "(212) 203-8095","HoursOfOpereation": "Lunch: Friday & Saturday, 12:30pm-1:00pm; Sunday (starting March 4th, 2018) Dinner: Tuesday through Saturday: First seating 5:45pm - 6:30pm, Second seating 9:00pm - 9:30pm Bar: walk in only. Tuesday through Thursday 5:00pm - 11:30pm; Friday and Saturday 3:00pm - 11:30pm.","Price": "0","USACityLocation": "New York","Cuisine": "American","FoodRating": "1","ServiceRating": "2","AmbienceRating": "2","ValueRating": "3","OverallRating": "2","OverallPossibleRating": "5"},
{
"id": "59","Restaurant": "Neighborhood Services","Address": "5027 W Lovers Ln Dallas, TX 75209","Phone": "(214) 350-5027","HoursOfOpereation": "Dinner: Monday - Thursday: 5:00pm - 10:00pm; Friday - Saturday: 5:00pm - 11:00pm;","Price": "0","USACityLocation": "Dallas","Cuisine": "American","FoodRating": "1","ServiceRating": "2","AmbienceRating": "0","ValueRating": "3","OverallRating": "1.5","OverallPossibleRating": "5"},
{
"id": "60","Restaurant": "Orchids at Palm Court","Address": "Hilton Cincinnati 35 West Fifth Street Cincinnati, OH 45202","Phone": "(513) 564-6465","HoursOfOpereation": "Monday and Tuesday: CLOSED Wednesday through Sunday 5:30pm-10:00pm; Afternoon Tea (First Saturday of the month) 2:00pm-4:00pm","Price": "0","USACityLocation": "Cincinnati","Cuisine": "Contemporary American","FoodRating": "3","ServiceRating": "0","AmbienceRating": "4","ValueRating": "2","OverallRating": "2.25","OverallPossibleRating": "5"},
{
"id": "61","Restaurant": "Oriole","Address": "661 W. Walnut St. Chicago, IL 60661","Phone": "(312) 877-5339","HoursOfOpereation": "Dinner: Tuesday-Saturday, 5:30-9:30pm","Price": "0","USACityLocation": "Chicago","Cuisine": "Contemporary American","FoodRating": "1","ServiceRating": "4","AmbienceRating": "1","ValueRating": "0","OverallRating": "1.5","OverallPossibleRating": "5"},
{
"id": "62","Restaurant": "Parc","Address": "227 South 18th Street Philadelphia, PA 19103","Phone": "(215) 545-2262","HoursOfOpereation": "Breakfast: Monday thru Friday: 7:30am - 11:00am Lunch: Monday thru Friday: 11:00am - 3:00pm Brunch: Saturday and Sunday: 10:00am - 3:00pm L'Apres Midi: Every day: 3:00pm - 5:00pm Dinner: Monday - Thursday: 5:00pm - 11:00pm, Friday - Saturday: 5:00pm - 12:00am, Sunday 5:00pm - 10:00pm **A note from the restaurant** Outside seating is on a first come, first serve basis.","Price": "0","USACityLocation": "Philadelphia","Cuisine": "French","FoodRating": "0","ServiceRating": "2","AmbienceRating": "2","ValueRating": "5","OverallRating": "2.25","OverallPossibleRating": "5"},
{
"id": "63","Restaurant": "Per Se","Address": "10 Columbus Circle New York, NY 10019","Phone": "(212) 823-9335","HoursOfOpereation": "Lunch: Friday - Sunday: 11:30am - 1:00pm; Dinner Nightly: 5:30pm - 9:30pm","Price": "0","USACityLocation": "New York","Cuisine": "American","FoodRating": "1","ServiceRating": "1","AmbienceRating": "2","ValueRating": "0","OverallRating": "1","OverallPossibleRating": "5"},
{
"id": "64","Restaurant": "The Polo Bar","Address": "1 E. 55th St. New York, NY 10022","Phone": "(212) 207-8562","HoursOfOpereation": "5:00pm to 10:30pm Tuesday through Saturday 5:00pm to 10:00pm Sunday and Monday","Price": "0","USACityLocation": "New York","Cuisine": "American","FoodRating": "1","ServiceRating": "3","AmbienceRating": "0","ValueRating": "1","OverallRating": "1.25","OverallPossibleRating": "5"},
{
"id": "65","Restaurant": "Polo Lounge @ The Beverly Hills Hotel","Address": "9641 Sunset Blvd. Beverly Hills, CA 90210","Phone": "(310) 887-2777","HoursOfOpereation": "Open 7:00am to 11:00pm daily Please be advised that the hotel is currently undergoing a kitchen renovation until July 31st. During this time, a limited menu featuring hot and cold items will be offered in the Polo Lounge and through In-Room Dining. There will also be some intermittent noise disruption in select areas of the hotel on weekdays between 8 am and 4 pm as a result of this renovation program.","Price": "0","USACityLocation": "Beverly Hills","Cuisine": "American","FoodRating": "3","ServiceRating": "3","AmbienceRating": "2","ValueRating": "5","OverallRating": "3.25","OverallPossibleRating": "5"},
{
"id": "66","Restaurant": "PRESS","Address": "587 St. Helena Hwy (Hwy 29) St. Helena, CA 94574","Phone": "(707) 967-0550","HoursOfOpereation": "Dinner Service : Wednesday Ð Monday 5:00 PM Ð 10:00 PM Closed Tuesday Bar Service : Wednesday Ð Monday 5:00 PM Ð 10:00 PM","Price": "0","USACityLocation": "St. Helena","Cuisine": "Steakhouse","FoodRating": "0","ServiceRating": "0","AmbienceRating": "4","ValueRating": "2","OverallRating": "1.5","OverallPossibleRating": "5"},
{
"id": "67","Restaurant": "Quince","Address": "470 Pacific Avenue San Francisco, CA 94133","Phone": "(415) 775-8500","HoursOfOpereation": "Dinner: Monday - Thursday, 5:30 pm - 9:00 pm Friday - Saturday, 5:00 pm - 9:30 pm","Price": "0","USACityLocation": "San Francisco","Cuisine": "Californian","FoodRating": "1","ServiceRating": "3","AmbienceRating": "5","ValueRating": "0","OverallRating": "2.25","OverallPossibleRating": "5"},
{
"id": "68","Restaurant": "Raoul's","Address": "180 Prince St. New York, NY 10012","Phone": "(212) 966-3518","HoursOfOpereation": "Dinner: Sunday-Thursday: 5:30pm - 12:00am Dinner: Friday-Saturday: 5:30pm - 1:00am Weekend Brunch:Saturday-Sunday:11:30am-3:30pm","Price": "0","USACityLocation": "New York","Cuisine": "Contemporary French","FoodRating": "5","ServiceRating": "3","AmbienceRating": "3","ValueRating": "1","OverallRating": "3","OverallPossibleRating": "5"},
{
"id": "69","Restaurant": "Rasika","Address": "633 D Street, NW Washington, DC 20004","Phone": "(202) 637-1222","HoursOfOpereation": "Lunch: Monday - Friday: 11:30am - 2:30pm, Dinner: Monday - Thursday: 5:30pm - 10:30pm, Friday - Saturday: 5:00pm - 11:00pm","Price": "0","USACityLocation": "Washington","Cuisine": "Indian","FoodRating": "3","ServiceRating": "5","AmbienceRating": "5","ValueRating": "5","OverallRating": "4.5","OverallPossibleRating": "5"},
{
"id": "70","Restaurant": "Restaurant L","Address": "301 E 4th Street Cincinnati, OH 45202","Phone": "(513) 760-5525","HoursOfOpereation": "Dinner Tuesday thru Thursday 5:30-9:30 Dinner Friday & Saturday 5:30-10:30 Lunch Fridays 11:30-2:00 Bar & Lounge open 5 till 12am","Price": "0","USACityLocation": "Cincinnati","Cuisine": "French","FoodRating": "4","ServiceRating": "4","AmbienceRating": "3","ValueRating": "1","OverallRating": "3","OverallPossibleRating": "5"},
{
"id": "71","Restaurant": "Riccardo Enoteca","Address": "2116 N Clark St Chicago, IL 60614","Phone": "(773) 549-5010","HoursOfOpereation": "4pm to 9pm Sunday 5pm to 10pm Monday through Thursday 5pm to 11pm Friday and Saturday","Price": "0","USACityLocation": "Chicago","Cuisine": "Italian","FoodRating": "2","ServiceRating": "2","AmbienceRating": "2","ValueRating": "3","OverallRating": "2.25","OverallPossibleRating": "5"},
{
"id": "72","Restaurant": "Rich Table","Address": "199 Gough Street San Francisco, CA 94118","Phone": "(415) 355-9085","HoursOfOpereation": "Dinner: Daily, 5pm - 10:30pm","Price": "0","USACityLocation": "San Francisco","Cuisine": "Californian","FoodRating": "5","ServiceRating": "2","AmbienceRating": "3","ValueRating": "4","OverallRating": "3.5","OverallPossibleRating": "5"},
{
"id": "73","Restaurant": "RL Restaurant","Address": "115 E Chicago Ave Chicago, IL 60611","Phone": "(312) 475-1100","HoursOfOpereation": "Brunch: Sunday 10:00am-5:00pm Lunch: Monday - Saturday: 11:00am-5:00pm; Dinner: Sunday - Thursday: 5:00pm - 10:00pm, Friday - Saturday: 5:00pm-11:00pm","Price": "0","USACityLocation": "Chicago","Cuisine": "American","FoodRating": "1","ServiceRating": "2","AmbienceRating": "1","ValueRating": "3","OverallRating": "1.75","OverallPossibleRating": "5"},
{
"id": "74","Restaurant": "RPM Restaurants - Multiple Locations","Address": "52 West Illinois Chicago, IL 60654","Phone": "(312) 222-1888","HoursOfOpereation": "Dinner: Monday-Thursday, 4:00 pm - 11:00 pm Friday, 4:00 pm - 12:00 am Saturday, 3:00 pm - 12:00 am Sunday, 12:00 pm - 11:00 pm","Price": "0","USACityLocation": "Chicago","Cuisine": "Italian","FoodRating": "3","ServiceRating": "2","AmbienceRating": "1","ValueRating": "1","OverallRating": "1.75","OverallPossibleRating": "5"},
{
"id": "75","Restaurant": "Rudy & Paco Restaurant & Bar","Address": "2028 Postoffice Street Galveston, TX 77550","Phone": "(409) 762-3696","HoursOfOpereation": "Lunch: Monday - Friday: 11:00am - 2:00pm; Dinner: Monday - Wednesday: 5:00pm - 9:00pm, Thursday: 5:00pm - 9:00pm, Friday - Saturday: 5:00pm - 10:00pm","Price": "0","USACityLocation": "Galveston","Cuisine": "Seafood","FoodRating": "4","ServiceRating": "0","AmbienceRating": "3","ValueRating": "0","OverallRating": "1.75","OverallPossibleRating": "5"},
{
"id": "76","Restaurant": "Ruth's Chris Steak House - Baton Rouge","Address": "4836 Constitution Avenue Baton Rouge, LA 70808","Phone": "(225) 925-0163","HoursOfOpereation": "Lunch: Monday - Friday: 11:30am - 300pm Dinner: Monday - Friday: 3:00pm - 10:30pm, Saturday: 4:00pm - 10:30pm","Price": "0","USACityLocation": "Baton Rouge","Cuisine": "Steakhouse","FoodRating": "4","ServiceRating": "1","AmbienceRating": "1","ValueRating": "3","OverallRating": "2.25","OverallPossibleRating": "5"},
{
"id": "77","Restaurant": "The Saddle River Inn","Address": "2 Barnstable Court Saddle River, NJ 07458","Phone": "(201) 825-4016","HoursOfOpereation": "Tuesday - Thursday 5:30pm-9:30 pm Friday - Saturday 5pm - 10:00 pm","Price": "0","USACityLocation": "Saddle River","Cuisine": "French","FoodRating": "1","ServiceRating": "3","AmbienceRating": "4","ValueRating": "2","OverallRating": "2.5","OverallPossibleRating": "5"},
{
"id": "78","Restaurant": "Saint Jacques French Cuisine","Address": "6112 Falls of Neuse Rd. Raleigh, NC 27609","Phone": "(919) 862-2770","HoursOfOpereation": "Lunch: Tuesday - Saturday: 11:30am - 2:00pm; Dinner: Tuesday - Thursday: 5:30pm - 9:30pm, Friday: 5:00pm - 10:00pm, Saturday 5:00pm-10:00pm","Price": "0","USACityLocation": "Raleigh","Cuisine": "French","FoodRating": "5","ServiceRating": "1","AmbienceRating": "2","ValueRating": "5","OverallRating": "3.25","OverallPossibleRating": "5"},
{
"id": "79","Restaurant": "Shinsei Restaurant","Address": "7713 Inwood Rd. Dallas, TX 75209","Phone": "(214) 352-0005","HoursOfOpereation": "Dinner: Monday - Thursday: 5:00pm - 10:00pm and Friday-Saturday: 5:00pm - 11:00pm, Shinsei does not accept reservations between 6:30pm - 9:00pm. Between 6:30pm - 9:00pm please come for dinner between these times as it is first come first serve. Lunch: Open Friday from 11:00 to 2:00","Price": "0","USACityLocation": "Dallas","Cuisine": "Asian","FoodRating": "0","ServiceRating": "2","AmbienceRating": "0","ValueRating": "2","OverallRating": "1","OverallPossibleRating": "5"},
{
"id": "80","Restaurant": "SHU - Sushi House Unico - Bel Air","Address": "2932 1/2 Beverly Glen Circle Bel Air, CA 90077","Phone": "(310) 474-2740","HoursOfOpereation": "LUNCH: Monday-Friday: 12:00pm to 3:00pm Saturday-Sunday: CLOSED for lunch. DINNER: Sunday-Thursday: 5:00pm to 10:00pm Friday and Saturday: 5:00pm to 10:30pm","Price": "0","USACityLocation": "Bel Air","Cuisine": "Sushi","FoodRating": "0","ServiceRating": "3","AmbienceRating": "2","ValueRating": "3","OverallRating": "2","OverallPossibleRating": "5"},
{
"id": "81","Restaurant": "Sotto","Address": "118 E. 6th St. Cincinnati, OH 45202","Phone": "(513) 977-6886","HoursOfOpereation": "Sunday: 4:00pm-9:00pm Monday-Thursday: 11:00am-2:00pm, 5:00pm-10:00pm Friday: 11:00am-2:00pm, 5:00pm-11:00pm Saturday: 5:00pm-11:00pm","Price": "0","USACityLocation": "Cincinnati","Cuisine": "Italian","FoodRating": "1","ServiceRating": "4","AmbienceRating": "0","ValueRating": "0","OverallRating": "1.25","OverallPossibleRating": "5"},
{
"id": "82","Restaurant": "Spinasse","Address": "1531 14th Avenue Seattle, WA 98122","Phone": "(206) 251-7673","HoursOfOpereation": "Dinner: Sunday - Thursday: 5:00pm - 10:00pm, Friday - Saturday: 5:00pm - 11:00pm","Price": "0","USACityLocation": "Seattle","Cuisine": "Italian","FoodRating": "1","ServiceRating": "3","AmbienceRating": "2","ValueRating": "3","OverallRating": "2.25","OverallPossibleRating": "5"},
{
"id": "83","Restaurant": "St. Francis Winery & Vineyards","Address": "100 Pythian Road Santa Rosa, CA 95409","Phone": "(800) 795-6674","HoursOfOpereation": "Thursday-Monday Seatings at 11am, 1pm, 3pm Closed: Tuesday & Wednesday","Price": "0","USACityLocation": "Santa Rosa","Cuisine": "Californian","FoodRating": "1","ServiceRating": "1","AmbienceRating": "4","ValueRating": "2","OverallRating": "2","OverallPossibleRating": "5"},
{
"id": "84","Restaurant": "Steve & Cookie's By the Bay","Address": "9700 Amherst Ave. Margate, NJ 08402","Phone": "(609) 823-1163","HoursOfOpereation": "Dinner Hours: Sunday - Thursday: 5:00pm - 9:30pm, Friday - Saturday: 5:00pm - 10:00pm","Price": "0","USACityLocation": "Margate","Cuisine": "American","FoodRating": "5","ServiceRating": "3","AmbienceRating": "0","ValueRating": "3","OverallRating": "2.75","OverallPossibleRating": "5"},
{
"id": "85","Restaurant": "Stonehouse at San Ysidro Ranch","Address": "","Phone": "","HoursOfOpereation": "","Price": "0","USACityLocation": "Santa Barbara","Cuisine": "Contemporary American","FoodRating": "0","ServiceRating": "0","AmbienceRating": "0","ValueRating": "0","OverallRating": "0","OverallPossibleRating": "5"},
{
"id": "86","Restaurant": "Sushi Nakazawa - Sushi Bar","Address": "23 Commerce St. New York, NY 10014","Phone": "(212) 924-2212","HoursOfOpereation": "Lunch is served everyday in 2 seatings: 11:30am and 11:45am 1:00pm and 1:15pm Reservations are available for 1-4 guests for lunch. Dinner is served everyday in 3 seatings: 5:00pm 7:15pm 9:30pm Reservations can only be made for parties of 2 for dinner.","Price": "0","USACityLocation": "New York","Cuisine": "Sushi","FoodRating": "5","ServiceRating": "4","AmbienceRating": "3","ValueRating": "3","OverallRating": "3.75","OverallPossibleRating": "5"},
{
"id": "87","Restaurant": "The Table at Season To Taste","Address": "2447 Massachusetts Cambridge, MA 02140","Phone": "(617) 871-9468","HoursOfOpereation": "Tuesday - Saturday: 5:30pm - 10:00pm","Price": "0","USACityLocation": "Cambridge","Cuisine": "Contemporary French / American","FoodRating": "1","ServiceRating": "2","AmbienceRating": "3","ValueRating": "4","OverallRating": "2.5","OverallPossibleRating": "5"},
{
"id": "88","Restaurant": "TalulaÕs Garden","Address": "210 West Washington Square Philadelphia, PA 19106","Phone": "(215) 592-7787","HoursOfOpereation": "Dinner: Sunday - Thursday: 5:00pm - 10:00pm, Friday - Saturday: 5:00pm - 11:00pm; Sunday Brunch 10:00am - 2:00pm.","Price": "0","USACityLocation": "Philadelphia","Cuisine": "American","FoodRating": "2","ServiceRating": "4","AmbienceRating": "3","ValueRating": "4","OverallRating": "3.25","OverallPossibleRating": "5"},
{
"id": "89","Restaurant": "The Metro Wine Bar & Bistro","Address": "6418 N Western Ave Oklahoma City, OK 73116","Phone": "(405) 840-9463","HoursOfOpereation": "Lunch: Monday - Friday: 11:30am - 5:30pm Dinner: Monday - Thursday: 5:30pm - 10:00pm, Friday- Saturday: 5:30pm - 11:00pm, Sunday: 5:30pm - 9:00pm","Price": "0","USACityLocation": "Oklahoma City","Cuisine": "Contemporary American","FoodRating": "5","ServiceRating": "4","AmbienceRating": "2","ValueRating": "4","OverallRating": "3.75","OverallPossibleRating": "5"},
{
"id": "90","Restaurant": "Toscana","Address": "11633 San Vicente Blvd Los Angeles, CA 90049","Phone": "(310) 820-2448","HoursOfOpereation": "Lunch: Monday - Saturday: 11:30am - 3:00pm; Dinnner: Monday - Saturday: 5:30pm -11:00pm, Sunday: Lunch 11:30 am - 2:00 pm. Dinner 5:00pm - 10:00pm","Price": "0","USACityLocation": "Los Angeles","Cuisine": "Italian","FoodRating": "5","ServiceRating": "5","AmbienceRating": "0","ValueRating": "0","OverallRating": "2.5","OverallPossibleRating": "5"},
{
"id": "91","Restaurant": "Townsend","Address": "1623 E. Passyunk Ave Philadelphia, PA 19148","Phone": "(267) 639-3203","HoursOfOpereation": "Dinner: Monday & Wednesday - Sunday: 5:00pm - 10:00pm","Price": "0","USACityLocation": "Philadelphia","Cuisine": "Contemporary French","FoodRating": "2","ServiceRating": "5","AmbienceRating": "4","ValueRating": "4","OverallRating": "3.75","OverallPossibleRating": "5"},
{
"id": "92","Restaurant": "True Food Kitchen - Chicago","Address": "1 W Erie Street Chicago, IL 60654","Phone": "(312) 204-6981","HoursOfOpereation": "Mon - Thurs: 11am - 10pm Fri: 11am - 11pm Sat: 10am - 11pm Sun: 10am - 9pm Brunch: Sat & Sun | 10am - 3pm","Price": "0","USACityLocation": "Chicago","Cuisine": "Mediterranean","FoodRating": "2","ServiceRating": "1","AmbienceRating": "5","ValueRating": "1","OverallRating": "2.25","OverallPossibleRating": "5"},
{
"id": "93","Restaurant": "Uchi - Dallas","Address": "2817 Maple Ave Dallas, TX 75201","Phone": "(214) 855-5454","HoursOfOpereation": "Dinner Only Sunday - Thursday: 5:00PM - 10:00PM Friday - Saturday: 5:00PM - 11:00PM","Price": "0","USACityLocation": "Dallas","Cuisine": "Sushi","FoodRating": "2","ServiceRating": "0","AmbienceRating": "4","ValueRating": "5","OverallRating": "2.75","OverallPossibleRating": "5"},
{
"id": "94","Restaurant": "UMI","Address": "3050 Peachtree Rd Atlanta, GA 30305","Phone": "(404) 841-0040","HoursOfOpereation": "Monday - Thursday Dinner: 5:30-10:30 PM Friday & Saturday Dinner: 5:30-11:00 PM","Price": "0","USACityLocation": "Atlanta","Cuisine": "Sushi","FoodRating": "5","ServiceRating": "4","AmbienceRating": "4","ValueRating": "4","OverallRating": "4.25","OverallPossibleRating": "5"},
{
"id": "95","Restaurant": "Upland","Address": "345 Park Avenue South New York, NY 10010","Phone": "(212) 686-1006","HoursOfOpereation": "DINNER Sunday: 5:00PM to 10:00PM Monday - Saturday: 5:00PM to 11:00PM LUNCH Monday - Friday: 11:30AM to 3:00PM BRUNCH Saturday + Sunday: 10:00AM to 3:00PM","Price": "0","USACityLocation": "New York","Cuisine": "Contemporary American","FoodRating": "2","ServiceRating": "3","AmbienceRating": "1","ValueRating": "0","OverallRating": "1.5","OverallPossibleRating": "5"},
{
"id": "96","Restaurant": "Vernick Food & Drink","Address": "2031 Walnut Street Philadelphia, PA 19103","Phone": "(267) 639-6644","HoursOfOpereation": "Dinner: Tuesday-Sunday 5:00pm - 11:00pm Bar: Tuesday-Sunday 4:30pm - 1:00am Monday: CLOSED","Price": "0","USACityLocation": "Philadelphia","Cuisine": "American","FoodRating": "2","ServiceRating": "1","AmbienceRating": "5","ValueRating": "0","OverallRating": "2","OverallPossibleRating": "5"},
{
"id": "97","Restaurant": "Vetri Cucina","Address": "1312 Spruce Street Philadelphia, PA 19107","Phone": "(215) 732-3478","HoursOfOpereation": "Dinner Daily (Tasting Menu Only, $165 Per Person): Sunday 5:00-9:00pm Monday-Thursday 6:00-9:30pm Friday-Saturday 5:45-9:45pm Friday Lunch (Four-Course, Prix Fixe Menu, $85 Per Person): Every Friday 11:30am-1:00pm BYO Every Monday Night (no corkage fee)","Price": "0","USACityLocation": "Philadelphia","Cuisine": "Italian","FoodRating": "2","ServiceRating": "0","AmbienceRating": "2","ValueRating": "0","OverallRating": "1","OverallPossibleRating": "5"},
{
"id": "98","Restaurant": "Yvonne's","Address": "2 Winter Place Boston, MA 02108","Phone": "(617) 267-0047","HoursOfOpereation": "Supper Monday - Sunday 5:00 PM - 11:00 PM Bar Monday - Sunday 4:00 PM - 2:00 AM","Price": "0","USACityLocation": "Boston","Cuisine": "Global / International","FoodRating": "1","ServiceRating": "4","AmbienceRating": "1","ValueRating": "4","OverallRating": "2.5","OverallPossibleRating": "5"},
{
"id": "99","Restaurant": "Zahav","Address": "237 Saint James Place Philadelphia, PA 19106","Phone": "(215) 625-8800","HoursOfOpereation": "DINNER: Sunday - Thursday: 5:00pm - 10:00pm, Friday & Saturday: 5:00pm - 11:00pm HAPPY HOUR: Monday - Friday: 5:00pm - 6:00pm","Price": "0","USACityLocation": "Philadelphia","Cuisine": "Middle Eastern","FoodRating": "0","ServiceRating": "5","AmbienceRating": "2","ValueRating": "1","OverallRating": "2","OverallPossibleRating": "5"},
{
"id": "100","Restaurant": "Zero Restaurant + Bar","Address": "0 George St Charleston, SC 29401","Phone": "(843) 628-3480","HoursOfOpereation": "Dinner: Tuesday - Sunday: 5:00pm - 10:00pm Happy Hour: Tuesday - Sunday: 5:00pm - 6:00 pm","Price": "0","USACityLocation": "Charleston","Cuisine": "Contemporary American","FoodRating": "3","ServiceRating": "3","AmbienceRating": "3","ValueRating": "4","OverallRating": "3.25","OverallPossibleRating": "5"}
]
}
